STUDENTID,AGE,GENDER,HS_TYPE,SCHOLARSHIP,WORK,ACTIVITY,PARTNER,SALARY,TRANSPORT,LIVING,MOTHER_EDU,FATHER_EDU,#_SIBLINGS,KIDS,MOTHER_JOB,FATHER_JOB,STUDY_HRS,READ_FREQ,READ_FREQ_SCI,ATTEND_DEPT,IMPACT,ATTEND,PREP_STUDY,PREP_EXAM,NOTES,LISTENS,LIKES_DISCUSS,CLASSROOM,CUML_GPA,EXP_GPA,COURSE ID,GRADE
STUDENT134,1,1,2,5,2,2,1,1,1,1,1,1,1,1,2,3,3,1,2,2,1,1,1,1,3,3,3,2,5,3,9,3
STUDENT120,2,1,2,4,2,1,2,1,1,2,3,3,2,3,2,5,5,2,2,1,1,1,1,2,2,2,3,1,3,3,8,2
STUDENT117,2,1,2,5,2,2,2,1,1,1,1,1,5,1,2,4,3,3,3,2,1,1,1,1,3,3,3,1,2,3,8,1
STUDENT77,2,2,1,2,2,1,2,2,1,1,5,4,3,1,4,3,2,3,2,1,1,1,3,2,2,1,2,3,2,2,4,4
STUDENT66,1,2,2,3,2,2,1,3,1,1,2,4,3,1,2,4,1,1,2,1,3,2,2,1,2,1,2,1,2,2,1,2
STUDENT107,1,2,2,4,2,1,2,1,1,2,2,2,1,1,2,1,3,2,2,1,1,1,3,2,2,2,2,1,4,4,7,7
STUDENT143,1,1,1,4,2,2,2,1,1,1,3,4,4,1,2,4,2,2,2,1,1,1,1,1,3,3,2,1,4,3,9,1
STUDENT24,3,2,2,2,1,1,2,5,1,1,1,4,3,1,2,1,3,2,3,1,1,2,1,1,3,2,3,3,3,3,1,1
STUDENT118,3,1,1,3,2,1,2,1,1,2,4,4,1,1,1,3,2,2,3,2,1,2,1,1,2,3,2,1,2,3,8,1
STUDENT75,1,2,2,4,2,2,2,1,1,1,2,2,3,1,2,1,2,2,2,2,1,1,2,1,3,2,3,2,3,3,3,7
STUDENT70,2,1,2,4,2,2,1,1,1,1,2,2,2,1,2,3,1,1,2,1,1,1,2,1,3,2,3,1,3,2,3,5
STUDENT21,1,2,2,5,1,2,1,1,4,2,3,3,3,2,2,3,4,2,2,2,1,1,1,2,3,1,2,3,4,4,1,1
STUDENT41,1,2,1,3,2,2,2,2,1,1,2,3,1,1,2,5,1,2,2,1,1,1,1,1,3,1,2,1,2,3,1,1
STUDENT145,1,1,1,5,2,2,2,3,1,1,3,1,5,1,2,4,3,1,1,1,1,1,2,1,3,2,3,1,5,4,9,3
STUDENT136,2,1,2,3,1,1,2,1,4,2,3,3,1,1,2,1,2,3,2,1,3,1,1,1,3,3,2,1,3,2,9,2
STUDENT93,1,2,2,3,2,2,2,1,1,1,3,4,4,1,3,2,3,2,2,1,1,1,1,1,3,2,3,3,2,2,6,7
STUDENT45,2,2,3,3,2,2,1,1,1,1,1,3,2,1,2,5,2,2,2,1,1,1,2,1,3,2,2,1,4,3,1,1
STUDENT51,2,2,2,3,2,2,1,2,2,1,1,1,2,1,2,3,2,2,2,1,1,2,1,1,2,2,2,3,3,3,1,1
STUDENT89,1,2,2,4,2,1,1,1,1,1,4,4,1,1,3,2,2,2,2,1,1,1,1,2,3,1,2,3,5,3,6,6
STUDENT46,1,2,2,3,2,2,1,4,1,1,2,3,5,1,2,4,3,2,2,1,1,1,1,1,2,2,2,1,4,3,1,3
STUDENT1,2,2,3,3,1,2,2,1,1,1,1,2,3,1,2,5,3,2,2,1,1,1,1,1,3,2,1,2,1,1,1,1
STUDENT78,1,2,1,2,2,2,1,2,2,2,6,5,2,1,4,2,2,2,2,2,1,2,3,1,2,2,2,2,1,1,4,7
STUDENT58,2,2,2,3,1,1,2,1,1,1,4,2,3,1,3,3,2,3,2,1,1,1,1,1,3,2,3,1,5,4,1,4
STUDENT110,1,2,1,3,2,1,1,1,2,2,4,4,2,3,2,5,3,2,2,1,1,1,2,2,3,2,3,1,4,4,7,7
STUDENT37,2,2,3,4,1,2,1,3,1,1,1,1,2,2,4,3,1,1,3,1,1,2,2,1,2,1,2,1,4,3,1,2
STUDENT17,1,1,2,5,2,1,2,1,1,1,2,2,4,1,2,3,2,2,2,1,1,2,1,1,3,2,3,3,4,3,1,1
STUDENT115,2,1,2,5,1,1,2,4,1,1,1,1,1,1,2,1,2,2,2,2,2,1,1,1,2,2,1,2,1,1,8,2
STUDENT22,1,2,2,5,2,2,1,1,4,2,2,2,4,1,2,3,3,2,2,1,1,1,1,1,3,1,3,3,3,3,1,1
STUDENT16,2,2,2,3,2,2,2,1,1,2,4,4,2,1,3,1,2,2,2,2,3,2,1,1,3,2,2,3,2,2,1,2
STUDENT112,1,1,1,5,2,1,2,1,1,2,3,3,1,1,3,2,1,2,2,2,2,1,1,1,3,1,3,3,4,3,8,2
STUDENT128,1,1,2,4,2,2,2,1,4,3,3,2,2,1,3,4,2,1,1,2,1,1,1,1,3,2,2,1,2,2,9,1
STUDENT139,1,1,2,4,1,1,1,5,2,3,3,1,1,2,4,5,2,2,3,2,3,1,2,1,3,2,3,1,1,3,9,0
STUDENT82,3,2,2,3,1,2,2,1,1,2,1,2,4,1,2,3,2,2,2,1,1,1,1,1,3,3,2,3,5,4,5,3
STUDENT63,2,2,2,3,2,2,2,1,4,2,2,3,2,1,2,4,3,2,2,1,1,1,1,1,2,3,3,2,5,4,1,3
STUDENT5,2,2,1,3,2,2,1,3,1,4,3,3,2,1,2,4,2,1,1,1,1,1,2,1,2,2,2,1,2,2,1,1
STUDENT102,1,2,2,4,2,2,1,2,1,3,2,3,1,1,2,4,2,2,2,1,1,1,1,1,3,3,2,1,2,3,7,7
STUDENT125,1,1,2,4,1,1,1,1,1,3,2,3,2,1,4,3,4,2,2,2,1,1,2,2,3,3,2,1,3,3,9,3
STUDENT67,2,2,2,3,2,2,1,1,1,1,3,2,5,1,2,5,2,2,2,1,1,1,1,1,3,2,2,3,5,4,2,5
STUDENT73,1,2,2,3,2,1,1,1,1,2,1,1,2,1,2,3,2,3,3,1,1,1,1,1,2,2,3,2,3,3,3,6
STUDENT135,1,1,2,4,2,1,2,1,2,3,1,1,2,1,4,3,2,2,2,2,1,1,1,1,2,1,2,1,2,3,9,1
STUDENT94,1,2,2,1,1,2,1,1,1,2,1,2,4,1,2,3,5,2,1,1,1,1,1,1,3,3,3,2,2,2,6,4
STUDENT36,1,2,1,4,2,2,2,3,1,1,1,2,5,1,2,3,2,2,2,1,1,2,1,1,2,1,3,1,1,1,1,1
STUDENT141,2,1,2,3,1,1,2,1,1,2,1,2,2,2,2,4,3,3,2,1,1,1,1,1,2,1,2,1,3,3,9,5
STUDENT124,2,1,3,3,2,2,2,3,1,1,3,2,4,1,1,1,2,2,3,2,1,1,1,1,3,3,2,1,1,1,8,1
STUDENT98,1,2,2,4,1,2,2,1,1,3,3,3,4,1,2,3,2,2,2,1,1,1,1,1,3,2,2,1,3,3,7,6
STUDENT26,2,2,2,3,2,2,1,1,1,2,1,4,3,1,2,4,2,2,2,1,1,1,1,1,2,1,3,2,1,2,1,3
STUDENT84,2,2,3,3,2,2,2,3,1,1,4,4,2,1,1,2,1,2,2,1,1,1,3,1,3,2,3,3,1,2,5,7
STUDENT64,2,2,2,4,2,2,1,2,1,1,1,3,3,1,2,1,1,1,2,1,1,1,3,1,2,2,2,1,3,3,1,5
STUDENT123,1,2,2,5,2,1,2,1,1,1,3,3,2,1,2,1,2,1,2,1,2,1,2,1,3,2,2,1,4,3,8,2
STUDENT7,1,2,2,4,2,2,2,1,1,3,1,3,1,1,2,4,2,2,2,2,1,2,1,1,3,3,3,3,4,4,1,5
STUDENT126,1,1,2,5,1,1,2,1,1,3,1,1,5,1,2,3,3,2,3,2,1,1,1,2,3,2,3,1,1,3,9,2
STUDENT116,2,1,2,5,1,2,1,1,1,1,1,1,2,1,2,2,3,3,2,2,3,1,2,2,3,2,3,2,2,2,8,1
STUDENT20,1,2,1,3,2,2,1,2,2,2,3,3,3,1,2,4,4,2,2,1,2,1,1,1,3,2,2,3,2,3,1,3
STUDENT90,2,2,2,3,2,2,2,1,1,1,3,5,3,1,2,2,2,2,2,1,1,2,1,1,3,1,3,3,3,2,6,6
STUDENT71,1,2,2,4,2,1,1,1,1,1,4,3,1,2,4,2,2,2,2,1,1,1,1,1,2,2,3,1,5,4,3,7
STUDENT144,2,1,2,4,1,1,1,5,2,3,4,4,1,1,3,3,2,2,1,1,1,1,2,1,2,1,2,1,5,3,9,4
STUDENT12,1,1,1,4,1,1,2,4,2,3,5,5,1,1,3,2,3,3,3,1,3,1,3,2,3,1,3,3,4,3,1,0
STUDENT50,1,2,1,4,2,2,2,2,4,1,2,3,2,1,2,4,2,2,2,1,1,1,2,1,2,2,2,1,3,2,1,2
STUDENT33,2,1,2,3,2,2,2,2,1,1,2,2,2,1,2,1,2,2,2,1,1,2,1,1,2,2,2,1,2,3,1,1
STUDENT48,2,2,2,3,2,2,1,1,1,2,4,3,1,1,5,4,2,2,2,1,1,2,1,1,2,1,3,2,5,3,1,3
STUDENT133,1,1,1,5,2,1,2,1,1,2,1,2,3,1,2,1,2,2,3,2,1,1,2,1,3,2,3,1,5,4,9,3
STUDENT56,3,2,2,3,1,2,1,4,1,2,1,1,5,3,2,1,1,2,2,1,1,1,3,3,1,3,3,3,5,4,1,3
STUDENT62,1,2,3,3,2,1,2,2,1,2,1,3,4,1,2,3,3,1,2,1,3,2,1,1,3,2,2,2,4,4,1,5
STUDENT39,2,2,2,5,2,2,2,1,1,1,3,3,1,1,2,4,3,2,2,1,1,1,2,1,2,2,2,2,4,3,1,2
STUDENT100,2,2,2,3,2,2,2,1,4,2,3,4,2,1,2,1,3,2,2,1,1,1,1,1,3,2,3,2,2,2,7,7
STUDENT88,2,2,2,3,2,1,2,2,1,1,3,4,2,1,1,1,2,2,2,1,1,1,2,1,2,2,2,2,1,1,6,6
STUDENT95,2,2,2,3,2,2,1,1,1,1,3,2,5,1,2,5,2,2,3,1,1,1,1,1,3,2,2,3,5,4,6,6
STUDENT114,2,1,3,3,2,2,2,1,4,2,4,4,1,1,3,2,2,2,3,2,3,2,2,1,2,2,1,1,1,2,8,1
STUDENT57,2,2,2,3,2,1,2,1,1,1,1,3,5,1,2,4,4,2,3,1,1,1,1,2,3,2,3,3,5,4,1,5
STUDENT8,1,1,2,3,1,1,1,2,2,3,4,3,1,1,4,3,1,2,2,1,1,1,3,1,3,2,2,1,1,1,1,2
STUDENT18,2,2,2,3,2,2,2,1,1,1,2,2,2,1,2,1,2,2,2,2,1,2,1,1,2,2,2,2,2,2,1,2
STUDENT87,2,2,2,4,2,2,2,1,4,2,3,3,2,1,4,1,2,2,2,1,1,1,1,1,3,2,3,2,5,4,5,5
STUDENT40,2,1,2,3,2,2,1,1,1,2,1,3,1,1,2,4,1,2,1,1,1,1,1,1,2,2,2,3,2,1,1,1
STUDENT69,2,1,2,4,1,2,2,1,1,1,2,3,5,3,2,5,1,2,2,1,1,2,1,1,2,2,3,2,4,3,3,5
STUDENT79,2,1,2,4,1,1,2,1,1,1,1,3,4,1,2,4,2,3,3,1,1,2,1,1,3,3,2,2,2,2,4,4
STUDENT23,2,2,2,3,1,2,1,1,1,1,1,1,4,2,2,4,3,3,3,1,1,1,1,2,3,1,2,3,3,3,1,3
STUDENT137,1,1,2,3,1,1,1,1,2,3,3,3,3,1,3,4,2,2,2,2,1,1,3,1,3,2,2,1,2,2,9,0
STUDENT86,1,2,2,5,2,2,2,2,1,1,1,1,5,1,2,1,1,1,1,1,1,1,1,1,3,2,3,3,4,3,5,4
STUDENT54,2,1,2,3,2,1,2,2,1,1,1,1,5,1,2,1,1,2,2,1,1,2,1,1,2,2,2,2,3,2,1,5
STUDENT14,2,1,2,5,2,2,2,1,1,1,2,2,2,1,2,3,1,2,1,1,1,2,1,1,3,2,3,3,4,2,1,1
STUDENT140,1,1,2,4,1,2,1,2,2,3,3,3,1,1,5,4,1,1,2,2,1,2,2,1,2,3,2,1,1,2,9,0
STUDENT108,1,1,2,4,1,1,2,1,1,3,1,3,5,1,2,4,2,2,2,1,1,1,2,1,2,3,2,1,4,2,7,6
STUDENT81,2,1,2,3,1,2,1,1,2,1,1,1,2,1,2,3,1,1,1,1,3,1,1,1,2,3,1,2,4,2,5,4
STUDENT96,1,2,3,5,1,1,1,1,2,3,3,4,1,1,2,1,2,2,3,1,1,1,1,1,3,2,2,1,4,3,7,5
STUDENT121,2,1,1,3,1,1,1,2,2,3,3,3,2,1,3,4,1,1,1,1,1,2,2,1,3,3,3,2,2,2,8,1
STUDENT31,2,2,2,5,1,1,1,1,1,2,1,1,5,1,2,4,2,2,2,1,1,1,2,1,2,3,3,3,5,4,1,5
STUDENT11,1,1,1,3,2,2,2,3,2,3,3,4,2,1,3,2,1,1,1,1,1,2,1,1,2,2,2,2,1,1,1,2
STUDENT47,2,2,2,3,2,2,1,1,1,1,1,2,3,1,2,5,2,2,2,1,1,1,1,1,2,2,3,1,4,2,1,5
STUDENT97,1,2,2,4,2,1,1,1,2,3,2,2,3,1,4,2,2,3,2,1,1,1,1,1,3,2,3,2,2,3,7,7
STUDENT13,1,1,1,4,2,2,2,1,1,1,3,5,4,2,2,2,3,2,2,1,1,1,1,1,2,2,2,3,4,2,1,0
STUDENT105,1,1,2,3,2,2,2,1,2,2,4,4,1,1,3,2,2,2,2,1,1,1,1,1,2,3,2,2,1,1,7,3
STUDENT32,3,2,2,3,1,2,2,1,1,2,1,2,4,1,2,3,2,2,3,1,1,1,1,1,3,3,2,3,4,3,1,3
STUDENT25,2,2,2,3,2,2,2,2,1,1,3,1,3,1,2,4,1,2,2,1,1,1,1,1,2,1,3,2,4,4,1,2
STUDENT111,2,2,2,3,2,2,2,2,4,2,4,4,2,2,1,5,2,2,2,1,1,2,1,1,2,2,2,1,2,3,8,2
STUDENT55,2,2,2,3,2,2,2,3,4,2,1,4,2,1,4,2,2,1,1,1,1,1,1,2,3,1,3,1,5,3,1,3
STUDENT28,1,2,1,3,1,2,2,1,1,1,1,1,4,1,2,3,3,2,2,1,1,2,1,1,3,1,2,1,2,1,1,1
STUDENT9,2,1,3,3,2,1,1,1,1,3,2,4,2,1,2,4,1,2,2,1,1,1,1,1,3,2,2,2,4,3,1,5
STUDENT127,1,1,1,4,1,1,1,3,2,3,4,6,2,1,4,3,4,2,3,1,1,1,2,1,3,3,3,1,2,2,9,3
STUDENT52,2,1,3,3,1,1,2,1,1,1,1,2,5,1,2,1,1,2,2,1,1,2,1,1,2,3,3,1,3,3,1,4
STUDENT3,2,2,2,3,2,2,2,2,4,2,2,2,2,1,2,1,2,1,2,1,1,1,1,1,2,2,1,1,2,2,1,1
STUDENT38,2,2,2,3,1,1,1,2,2,3,3,3,1,1,2,3,2,2,2,1,1,1,1,1,3,2,3,3,5,4,1,1
STUDENT35,1,2,1,3,2,2,1,2,1,1,3,3,3,1,2,4,2,1,1,1,1,2,1,1,2,2,3,1,4,1,1,2
STUDENT2,2,2,3,3,1,2,2,1,1,1,2,3,2,1,2,1,2,2,2,1,1,1,1,1,3,2,3,2,2,3,1,1
STUDENT6,2,2,2,3,2,2,2,2,1,1,3,3,2,1,2,3,1,1,2,1,1,1,1,1,1,2,1,2,4,4,1,2
STUDENT119,1,2,2,5,2,1,1,1,4,2,1,2,3,1,4,4,1,2,2,1,1,1,3,1,3,3,2,2,3,3,8,1
STUDENT99,1,2,2,4,2,1,2,1,4,2,2,4,2,1,2,5,2,3,2,1,1,1,1,1,3,1,2,1,4,4,7,7
STUDENT42,3,2,2,3,1,2,2,2,1,2,1,4,2,1,2,2,3,2,2,1,1,2,1,1,3,2,2,3,4,3,1,1
STUDENT74,2,2,2,4,2,2,2,1,1,2,1,3,4,1,2,4,3,1,1,2,1,1,1,2,3,2,3,1,5,3,3,6
STUDENT101,1,2,2,4,2,2,2,1,2,3,4,1,2,1,3,3,2,2,2,1,1,1,1,1,2,2,2,1,3,3,7,6
STUDENT10,2,1,2,3,2,2,1,3,4,2,1,2,3,1,2,3,2,2,2,1,1,2,1,1,2,2,2,2,1,2,1,0
STUDENT83,2,2,2,4,1,2,1,2,1,1,3,1,3,1,2,3,2,2,3,1,1,1,1,1,3,3,2,3,4,3,5,7
STUDENT138,1,1,1,5,2,1,2,1,1,1,2,2,2,1,2,1,2,2,2,1,1,1,1,1,3,1,3,1,2,4,9,2
STUDENT85,3,2,3,3,1,2,1,3,1,2,4,2,5,3,2,1,1,2,2,1,1,1,3,3,3,3,3,3,5,4,5,7
STUDENT103,1,2,2,3,2,2,1,1,1,2,3,1,1,2,4,4,2,2,2,2,1,1,1,1,3,1,2,1,3,4,7,7
STUDENT72,1,1,3,4,2,2,2,1,1,3,1,3,5,1,2,4,2,2,1,1,1,1,1,1,2,3,3,3,2,2,3,6
STUDENT80,2,2,2,4,2,2,2,1,1,1,1,3,4,1,2,4,1,2,2,1,3,1,1,1,3,3,3,2,4,4,4,3
STUDENT134,1,1,2,5,2,2,1,1,1,1,1,1,1,1,2,3,3,1,2,2,1,1,1,1,3,3,3,2,5,3,9,3
STUDENT120,2,1,2,4,2,1,2,1,1,2,3,3,2,3,2,5,5,2,2,1,1,1,1,2,2,2,3,1,3,3,8,2
STUDENT117,2,1,2,5,2,2,2,1,1,1,1,1,5,1,2,4,3,3,3,2,1,1,1,1,3,3,3,1,2,3,8,1
STUDENT77,2,2,1,2,2,1,2,2,1,1,5,4,3,1,4,3,2,3,2,1,1,1,3,2,2,1,2,3,2,2,4,4
STUDENT66,1,2,2,3,2,2,1,3,1,1,2,4,3,1,2,4,1,1,2,1,3,2,2,1,2,1,2,1,2,2,1,2
STUDENT107,1,2,2,4,2,1,2,1,1,2,2,2,1,1,2,1,3,2,2,1,1,1,3,2,2,2,2,1,4,4,7,7
STUDENT143,1,1,1,4,2,2,2,1,1,1,3,4,4,1,2,4,2,2,2,1,1,1,1,1,3,3,2,1,4,3,9,1
STUDENT24,3,2,2,2,1,1,2,5,1,1,1,4,3,1,2,1,3,2,3,1,1,2,1,1,3,2,3,3,3,3,1,1
STUDENT118,3,1,1,3,2,1,2,1,1,2,4,4,1,1,1,3,2,2,3,2,1,2,1,1,2,3,2,1,2,3,8,1
STUDENT75,1,2,2,4,2,2,2,1,1,1,2,2,3,1,2,1,2,2,2,2,1,1,2,1,3,2,3,2,3,3,3,7
STUDENT70,2,1,2,4,2,2,1,1,1,1,2,2,2,1,2,3,1,1,2,1,1,1,2,1,3,2,3,1,3,2,3,5
STUDENT21,1,2,2,5,1,2,1,1,4,2,3,3,3,2,2,3,4,2,2,2,1,1,1,2,3,1,2,3,4,4,1,1
STUDENT41,1,2,1,3,2,2,2,2,1,1,2,3,1,1,2,5,1,2,2,1,1,1,1,1,3,1,2,1,2,3,1,1
STUDENT145,1,1,1,5,2,2,2,3,1,1,3,1,5,1,2,4,3,1,1,1,1,1,2,1,3,2,3,1,5,4,9,3
STUDENT136,2,1,2,3,1,1,2,1,4,2,3,3,1,1,2,1,2,3,2,1,3,1,1,1,3,3,2,1,3,2,9,2
STUDENT93,1,2,2,3,2,2,2,1,1,1,3,4,4,1,3,2,3,2,2,1,1,1,1,1,3,2,3,3,2,2,6,7
STUDENT45,2,2,3,3,2,2,1,1,1,1,1,3,2,1,2,5,2,2,2,1,1,1,2,1,3,2,2,1,4,3,1,1
STUDENT51,2,2,2,3,2,2,1,2,2,1,1,1,2,1,2,3,2,2,2,1,1,2,1,1,2,2,2,3,3,3,1,1
STUDENT89,1,2,2,4,2,1,1,1,1,1,4,4,1,1,3,2,2,2,2,1,1,1,1,2,3,1,2,3,5,3,6,6
STUDENT46,1,2,2,3,2,2,1,4,1,1,2,3,5,1,2,4,3,2,2,1,1,1,1,1,2,2,2,1,4,3,1,3
STUDENT1,2,2,3,3,1,2,2,1,1,1,1,2,3,1,2,5,3,2,2,1,1,1,1,1,3,2,1,2,1,1,1,1
STUDENT78,1,2,1,2,2,2,1,2,2,2,6,5,2,1,4,2,2,2,2,2,1,2,3,1,2,2,2,2,1,1,4,7
STUDENT58,2,2,2,3,1,1,2,1,1,1,4,2,3,1,3,3,2,3,2,1,1,1,1,1,3,2,3,1,5,4,1,4
STUDENT110,1,2,1,3,2,1,1,1,2,2,4,4,2,3,2,5,3,2,2,1,1,1,2,2,3,2,3,1,4,4,7,7
STUDENT37,2,2,3,4,1,2,1,3,1,1,1,1,2,2,4,3,1,1,3,1,1,2,2,1,2,1,2,1,4,3,1,2
STUDENT17,1,1,2,5,2,1,2,1,1,1,2,2,4,1,2,3,2,2,2,1,1,2,1,1,3,2,3,3,4,3,1,1
STUDENT115,2,1,2,5,1,1,2,4,1,1,1,1,1,1,2,1,2,2,2,2,2,1,1,1,2,2,1,2,1,1,8,2
STUDENT22,1,2,2,5,2,2,1,1,4,2,2,2,4,1,2,3,3,2,2,1,1,1,1,1,3,1,3,3,3,3,1,1
STUDENT16,2,2,2,3,2,2,2,1,1,2,4,4,2,1,3,1,2,2,2,2,3,2,1,1,3,2,2,3,2,2,1,2
STUDENT112,1,1,1,5,2,1,2,1,1,2,3,3,1,1,3,2,1,2,2,2,2,1,1,1,3,1,3,3,4,3,8,2
STUDENT128,1,1,2,4,2,2,2,1,4,3,3,2,2,1,3,4,2,1,1,2,1,1,1,1,3,2,2,1,2,2,9,1
STUDENT139,1,1,2,4,1,1,1,5,2,3,3,1,1,2,4,5,2,2,3,2,3,1,2,1,3,2,3,1,1,3,9,0
STUDENT82,3,2,2,3,1,2,2,1,1,2,1,2,4,1,2,3,2,2,2,1,1,1,1,1,3,3,2,3,5,4,5,3
STUDENT63,2,2,2,3,2,2,2,1,4,2,2,3,2,1,2,4,3,2,2,1,1,1,1,1,2,3,3,2,5,4,1,3
STUDENT5,2,2,1,3,2,2,1,3,1,4,3,3,2,1,2,4,2,1,1,1,1,1,2,1,2,2,2,1,2,2,1,1
STUDENT102,1,2,2,4,2,2,1,2,1,3,2,3,1,1,2,4,2,2,2,1,1,1,1,1,3,3,2,1,2,3,7,7
STUDENT125,1,1,2,4,1,1,1,1,1,3,2,3,2,1,4,3,4,2,2,2,1,1,2,2,3,3,2,1,3,3,9,3
STUDENT67,2,2,2,3,2,2,1,1,1,1,3,2,5,1,2,5,2,2,2,1,1,1,1,1,3,2,2,3,5,4,2,5
STUDENT73,1,2,2,3,2,1,1,1,1,2,1,1,2,1,2,3,2,3,3,1,1,1,1,1,2,2,3,2,3,3,3,6
STUDENT135,1,1,2,4,2,1,2,1,2,3,1,1,2,1,4,3,2,2,2,2,1,1,1,1,2,1,2,1,2,3,9,1
STUDENT94,1,2,2,1,1,2,1,1,1,2,1,2,4,1,2,3,5,2,1,1,1,1,1,1,3,3,3,2,2,2,6,4
STUDENT36,1,2,1,4,2,2,2,3,1,1,1,2,5,1,2,3,2,2,2,1,1,2,1,1,2,1,3,1,1,1,1,1
STUDENT141,2,1,2,3,1,1,2,1,1,2,1,2,2,2,2,4,3,3,2,1,1,1,1,1,2,1,2,1,3,3,9,5
STUDENT124,2,1,3,3,2,2,2,3,1,1,3,2,4,1,1,1,2,2,3,2,1,1,1,1,3,3,2,1,1,1,8,1
STUDENT98,1,2,2,4,1,2,2,1,1,3,3,3,4,1,2,3,2,2,2,1,1,1,1,1,3,2,2,1,3,3,7,6
STUDENT26,2,2,2,3,2,2,1,1,1,2,1,4,3,1,2,4,2,2,2,1,1,1,1,1,2,1,3,2,1,2,1,3
STUDENT84,2,2,3,3,2,2,2,3,1,1,4,4,2,1,1,2,1,2,2,1,1,1,3,1,3,2,3,3,1,2,5,7
STUDENT64,2,2,2,4,2,2,1,2,1,1,1,3,3,1,2,1,1,1,2,1,1,1,3,1,2,2,2,1,3,3,1,5
STUDENT123,1,2,2,5,2,1,2,1,1,1,3,3,2,1,2,1,2,1,2,1,2,1,2,1,3,2,2,1,4,3,8,2
STUDENT7,1,2,2,4,2,2,2,1,1,3,1,3,1,1,2,4,2,2,2,2,1,2,1,1,3,3,3,3,4,4,1,5
STUDENT126,1,1,2,5,1,1,2,1,1,3,1,1,5,1,2,3,3,2,3,2,1,1,1,2,3,2,3,1,1,3,9,2
STUDENT116,2,1,2,5,1,2,1,1,1,1,1,1,2,1,2,2,3,3,2,2,3,1,2,2,3,2,3,2,2,2,8,1
STUDENT20,1,2,1,3,2,2,1,2,2,2,3,3,3,1,2,4,4,2,2,1,2,1,1,1,3,2,2,3,2,3,1,3
STUDENT90,2,2,2,3,2,2,2,1,1,1,3,5,3,1,2,2,2,2,2,1,1,2,1,1,3,1,3,3,3,2,6,6
STUDENT71,1,2,2,4,2,1,1,1,1,1,4,3,1,2,4,2,2,2,2,1,1,1,1,1,2,2,3,1,5,4,3,7
STUDENT144,2,1,2,4,1,1,1,5,2,3,4,4,1,1,3,3,2,2,1,1,1,1,2,1,2,1,2,1,5,3,9,4
STUDENT12,1,1,1,4,1,1,2,4,2,3,5,5,1,1,3,2,3,3,3,1,3,1,3,2,3,1,3,3,4,3,1,0
STUDENT50,1,2,1,4,2,2,2,2,4,1,2,3,2,1,2,4,2,2,2,1,1,1,2,1,2,2,2,1,3,2,1,2
STUDENT33,2,1,2,3,2,2,2,2,1,1,2,2,2,1,2,1,2,2,2,1,1,2,1,1,2,2,2,1,2,3,1,1
STUDENT48,2,2,2,3,2,2,1,1,1,2,4,3,1,1,5,4,2,2,2,1,1,2,1,1,2,1,3,2,5,3,1,3
STUDENT133,1,1,1,5,2,1,2,1,1,2,1,2,3,1,2,1,2,2,3,2,1,1,2,1,3,2,3,1,5,4,9,3
STUDENT56,3,2,2,3,1,2,1,4,1,2,1,1,5,3,2,1,1,2,2,1,1,1,3,3,1,3,3,3,5,4,1,3
STUDENT62,1,2,3,3,2,1,2,2,1,2,1,3,4,1,2,3,3,1,2,1,3,2,1,1,3,2,2,2,4,4,1,5
STUDENT39,2,2,2,5,2,2,2,1,1,1,3,3,1,1,2,4,3,2,2,1,1,1,2,1,2,2,2,2,4,3,1,2
STUDENT100,2,2,2,3,2,2,2,1,4,2,3,4,2,1,2,1,3,2,2,1,1,1,1,1,3,2,3,2,2,2,7,7
STUDENT88,2,2,2,3,2,1,2,2,1,1,3,4,2,1,1,1,2,2,2,1,1,1,2,1,2,2,2,2,1,1,6,6
STUDENT95,2,2,2,3,2,2,1,1,1,1,3,2,5,1,2,5,2,2,3,1,1,1,1,1,3,2,2,3,5,4,6,6
STUDENT114,2,1,3,3,2,2,2,1,4,2,4,4,1,1,3,2,2,2,3,2,3,2,2,1,2,2,1,1,1,2,8,1
STUDENT57,2,2,2,3,2,1,2,1,1,1,1,3,5,1,2,4,4,2,3,1,1,1,1,2,3,2,3,3,5,4,1,5
STUDENT8,1,1,2,3,1,1,1,2,2,3,4,3,1,1,4,3,1,2,2,1,1,1,3,1,3,2,2,1,1,1,1,2
STUDENT18,2,2,2,3,2,2,2,1,1,1,2,2,2,1,2,1,2,2,2,2,1,2,1,1,2,2,2,2,2,2,1,2
STUDENT87,2,2,2,4,2,2,2,1,4,2,3,3,2,1,4,1,2,2,2,1,1,1,1,1,3,2,3,2,5,4,5,5
STUDENT40,2,1,2,3,2,2,1,1,1,2,1,3,1,1,2,4,1,2,1,1,1,1,1,1,2,2,2,3,2,1,1,1
STUDENT69,2,1,2,4,1,2,2,1,1,1,2,3,5,3,2,5,1,2,2,1,1,2,1,1,2,2,3,2,4,3,3,5
STUDENT79,2,1,2,4,1,1,2,1,1,1,1,3,4,1,2,4,2,3,3,1,1,2,1,1,3,3,2,2,2,2,4,4
STUDENT23,2,2,2,3,1,2,1,1,1,1,1,1,4,2,2,4,3,3,3,1,1,1,1,2,3,1,2,3,3,3,1,3
STUDENT137,1,1,2,3,1,1,1,1,2,3,3,3,3,1,3,4,2,2,2,2,1,1,3,1,3,2,2,1,2,2,9,0
STUDENT86,1,2,2,5,2,2,2,2,1,1,1,1,5,1,2,1,1,1,1,1,1,1,1,1,3,2,3,3,4,3,5,4
STUDENT54,2,1,2,3,2,1,2,2,1,1,1,1,5,1,2,1,1,2,2,1,1,2,1,1,2,2,2,2,3,2,1,5
STUDENT14,2,1,2,5,2,2,2,1,1,1,2,2,2,1,2,3,1,2,1,1,1,2,1,1,3,2,3,3,4,2,1,1
STUDENT140,1,1,2,4,1,2,1,2,2,3,3,3,1,1,5,4,1,1,2,2,1,2,2,1,2,3,2,1,1,2,9,0
STUDENT108,1,1,2,4,1,1,2,1,1,3,1,3,5,1,2,4,2,2,2,1,1,1,2,1,2,3,2,1,4,2,7,6
STUDENT81,2,1,2,3,1,2,1,1,2,1,1,1,2,1,2,3,1,1,1,1,3,1,1,1,2,3,1,2,4,2,5,4
STUDENT96,1,2,3,5,1,1,1,1,2,3,3,4,1,1,2,1,2,2,3,1,1,1,1,1,3,2,2,1,4,3,7,5
STUDENT121,2,1,1,3,1,1,1,2,2,3,3,3,2,1,3,4,1,1,1,1,1,2,2,1,3,3,3,2,2,2,8,1
STUDENT31,2,2,2,5,1,1,1,1,1,2,1,1,5,1,2,4,2,2,2,1,1,1,2,1,2,3,3,3,5,4,1,5
STUDENT11,1,1,1,3,2,2,2,3,2,3,3,4,2,1,3,2,1,1,1,1,1,2,1,1,2,2,2,2,1,1,1,2
STUDENT47,2,2,2,3,2,2,1,1,1,1,1,2,3,1,2,5,2,2,2,1,1,1,1,1,2,2,3,1,4,2,1,5
STUDENT97,1,2,2,4,2,1,1,1,2,3,2,2,3,1,4,2,2,3,2,1,1,1,1,1,3,2,3,2,2,3,7,7
STUDENT13,1,1,1,4,2,2,2,1,1,1,3,5,4,2,2,2,3,2,2,1,1,1,1,1,2,2,2,3,4,2,1,0
STUDENT105,1,1,2,3,2,2,2,1,2,2,4,4,1,1,3,2,2,2,2,1,1,1,1,1,2,3,2,2,1,1,7,3
STUDENT32,3,2,2,3,1,2,2,1,1,2,1,2,4,1,2,3,2,2,3,1,1,1,1,1,3,3,2,3,4,3,1,3
STUDENT25,2,2,2,3,2,2,2,2,1,1,3,1,3,1,2,4,1,2,2,1,1,1,1,1,2,1,3,2,4,4,1,2
STUDENT111,2,2,2,3,2,2,2,2,4,2,4,4,2,2,1,5,2,2,2,1,1,2,1,1,2,2,2,1,2,3,8,2
STUDENT55,2,2,2,3,2,2,2,3,4,2,1,4,2,1,4,2,2,1,1,1,1,1,1,2,3,1,3,1,5,3,1,3
STUDENT28,1,2,1,3,1,2,2,1,1,1,1,1,4,1,2,3,3,2,2,1,1,2,1,1,3,1,2,1,2,1,1,1
STUDENT9,2,1,3,3,2,1,1,1,1,3,2,4,2,1,2,4,1,2,2,1,1,1,1,1,3,2,2,2,4,3,1,5
STUDENT127,1,1,1,4,1,1,1,3,2,3,4,6,2,1,4,3,4,2,3,1,1,1,2,1,3,3,3,1,2,2,9,3
STUDENT52,2,1,3,3,1,1,2,1,1,1,1,2,5,1,2,1,1,2,2,1,1,2,1,1,2,3,3,1,3,3,1,4
STUDENT3,2,2,2,3,2,2,2,2,4,2,2,2,2,1,2,1,2,1,2,1,1,1,1,1,2,2,1,1,2,2,1,1
STUDENT38,2,2,2,3,1,1,1,2,2,3,3,3,1,1,2,3,2,2,2,1,1,1,1,1,3,2,3,3,5,4,1,1
STUDENT35,1,2,1,3,2,2,1,2,1,1,3,3,3,1,2,4,2,1,1,1,1,2,1,1,2,2,3,1,4,1,1,2
STUDENT2,2,2,3,3,1,2,2,1,1,1,2,3,2,1,2,1,2,2,2,1,1,1,1,1,3,2,3,2,2,3,1,1
STUDENT6,2,2,2,3,2,2,2,2,1,1,3,3,2,1,2,3,1,1,2,1,1,1,1,1,1,2,1,2,4,4,1,2
STUDENT119,1,2,2,5,2,1,1,1,4,2,1,2,3,1,4,4,1,2,2,1,1,1,3,1,3,3,2,2,3,3,8,1
STUDENT99,1,2,2,4,2,1,2,1,4,2,2,4,2,1,2,5,2,3,2,1,1,1,1,1,3,1,2,1,4,4,7,7
STUDENT42,3,2,2,3,1,2,2,2,1,2,1,4,2,1,2,2,3,2,2,1,1,2,1,1,3,2,2,3,4,3,1,1
STUDENT74,2,2,2,4,2,2,2,1,1,2,1,3,4,1,2,4,3,1,1,2,1,1,1,2,3,2,3,1,5,3,3,6
STUDENT101,1,2,2,4,2,2,2,1,2,3,4,1,2,1,3,3,2,2,2,1,1,1,1,1,2,2,2,1,3,3,7,6
STUDENT10,2,1,2,3,2,2,1,3,4,2,1,2,3,1,2,3,2,2,2,1,1,2,1,1,2,2,2,2,1,2,1,0
STUDENT83,2,2,2,4,1,2,1,2,1,1,3,1,3,1,2,3,2,2,3,1,1,1,1,1,3,3,2,3,4,3,5,7
STUDENT138,1,1,1,5,2,1,2,1,1,1,2,2,2,1,2,1,2,2,2,1,1,1,1,1,3,1,3,1,2,4,9,2
STUDENT85,3,2,3,3,1,2,1,3,1,2,4,2,5,3,2,1,1,2,2,1,1,1,3,3,3,3,3,3,5,4,5,7
STUDENT103,1,2,2,3,2,2,1,1,1,2,3,1,1,2,4,4,2,2,2,2,1,1,1,1,3,1,2,1,3,4,7,7
STUDENT72,1,1,3,4,2,2,2,1,1,3,1,3,5,1,2,4,2,2,1,1,1,1,1,1,2,3,3,3,2,2,3,6
STUDENT80,2,2,2,4,2,2,2,1,1,1,1,3,4,1,2,4,1,2,2,1,3,1,1,1,3,3,3,2,4,4,4,3
STUDENT134,1,1,2,5,2,2,1,1,1,1,1,1,1,1,2,3,3,1,2,2,1,1,1,1,3,3,3,2,5,3,9,3
STUDENT120,2,1,2,4,2,1,2,1,1,2,3,3,2,3,2,5,5,2,2,1,1,1,1,2,2,2,3,1,3,3,8,2
STUDENT117,2,1,2,5,2,2,2,1,1,1,1,1,5,1,2,4,3,3,3,2,1,1,1,1,3,3,3,1,2,3,8,1
STUDENT77,2,2,1,2,2,1,2,2,1,1,5,4,3,1,4,3,2,3,2,1,1,1,3,2,2,1,2,3,2,2,4,4
STUDENT66,1,2,2,3,2,2,1,3,1,1,2,4,3,1,2,4,1,1,2,1,3,2,2,1,2,1,2,1,2,2,1,2
STUDENT107,1,2,2,4,2,1,2,1,1,2,2,2,1,1,2,1,3,2,2,1,1,1,3,2,2,2,2,1,4,4,7,7
STUDENT143,1,1,1,4,2,2,2,1,1,1,3,4,4,1,2,4,2,2,2,1,1,1,1,1,3,3,2,1,4,3,9,1
STUDENT24,3,2,2,2,1,1,2,5,1,1,1,4,3,1,2,1,3,2,3,1,1,2,1,1,3,2,3,3,3,3,1,1
STUDENT118,3,1,1,3,2,1,2,1,1,2,4,4,1,1,1,3,2,2,3,2,1,2,1,1,2,3,2,1,2,3,8,1
STUDENT75,1,2,2,4,2,2,2,1,1,1,2,2,3,1,2,1,2,2,2,2,1,1,2,1,3,2,3,2,3,3,3,7
STUDENT70,2,1,2,4,2,2,1,1,1,1,2,2,2,1,2,3,1,1,2,1,1,1,2,1,3,2,3,1,3,2,3,5
STUDENT21,1,2,2,5,1,2,1,1,4,2,3,3,3,2,2,3,4,2,2,2,1,1,1,2,3,1,2,3,4,4,1,1
STUDENT41,1,2,1,3,2,2,2,2,1,1,2,3,1,1,2,5,1,2,2,1,1,1,1,1,3,1,2,1,2,3,1,1
STUDENT145,1,1,1,5,2,2,2,3,1,1,3,1,5,1,2,4,3,1,1,1,1,1,2,1,3,2,3,1,5,4,9,3
STUDENT136,2,1,2,3,1,1,2,1,4,2,3,3,1,1,2,1,2,3,2,1,3,1,1,1,3,3,2,1,3,2,9,2
STUDENT93,1,2,2,3,2,2,2,1,1,1,3,4,4,1,3,2,3,2,2,1,1,1,1,1,3,2,3,3,2,2,6,7
STUDENT45,2,2,3,3,2,2,1,1,1,1,1,3,2,1,2,5,2,2,2,1,1,1,2,1,3,2,2,1,4,3,1,1
STUDENT51,2,2,2,3,2,2,1,2,2,1,1,1,2,1,2,3,2,2,2,1,1,2,1,1,2,2,2,3,3,3,1,1
STUDENT89,1,2,2,4,2,1,1,1,1,1,4,4,1,1,3,2,2,2,2,1,1,1,1,2,3,1,2,3,5,3,6,6
STUDENT46,1,2,2,3,2,2,1,4,1,1,2,3,5,1,2,4,3,2,2,1,1,1,1,1,2,2,2,1,4,3,1,3
STUDENT1,2,2,3,3,1,2,2,1,1,1,1,2,3,1,2,5,3,2,2,1,1,1,1,1,3,2,1,2,1,1,1,1
STUDENT78,1,2,1,2,2,2,1,2,2,2,6,5,2,1,4,2,2,2,2,2,1,2,3,1,2,2,2,2,1,1,4,7
STUDENT58,2,2,2,3,1,1,2,1,1,1,4,2,3,1,3,3,2,3,2,1,1,1,1,1,3,2,3,1,5,4,1,4
STUDENT110,1,2,1,3,2,1,1,1,2,2,4,4,2,3,2,5,3,2,2,1,1,1,2,2,3,2,3,1,4,4,7,7
STUDENT37,2,2,3,4,1,2,1,3,1,1,1,1,2,2,4,3,1,1,3,1,1,2,2,1,2,1,2,1,4,3,1,2
STUDENT17,1,1,2,5,2,1,2,1,1,1,2,2,4,1,2,3,2,2,2,1,1,2,1,1,3,2,3,3,4,3,1,1
STUDENT115,2,1,2,5,1,1,2,4,1,1,1,1,1,1,2,1,2,2,2,2,2,1,1,1,2,2,1,2,1,1,8,2
STUDENT22,1,2,2,5,2,2,1,1,4,2,2,2,4,1,2,3,3,2,2,1,1,1,1,1,3,1,3,3,3,3,1,1
STUDENT16,2,2,2,3,2,2,2,1,1,2,4,4,2,1,3,1,2,2,2,2,3,2,1,1,3,2,2,3,2,2,1,2
STUDENT112,1,1,1,5,2,1,2,1,1,2,3,3,1,1,3,2,1,2,2,2,2,1,1,1,3,1,3,3,4,3,8,2
STUDENT128,1,1,2,4,2,2,2,1,4,3,3,2,2,1,3,4,2,1,1,2,1,1,1,1,3,2,2,1,2,2,9,1
STUDENT139,1,1,2,4,1,1,1,5,2,3,3,1,1,2,4,5,2,2,3,2,3,1,2,1,3,2,3,1,1,3,9,0
STUDENT82,3,2,2,3,1,2,2,1,1,2,1,2,4,1,2,3,2,2,2,1,1,1,1,1,3,3,2,3,5,4,5,3
STUDENT63,2,2,2,3,2,2,2,1,4,2,2,3,2,1,2,4,3,2,2,1,1,1,1,1,2,3,3,2,5,4,1,3
STUDENT5,2,2,1,3,2,2,1,3,1,4,3,3,2,1,2,4,2,1,1,1,1,1,2,1,2,2,2,1,2,2,1,1
STUDENT102,1,2,2,4,2,2,1,2,1,3,2,3,1,1,2,4,2,2,2,1,1,1,1,1,3,3,2,1,2,3,7,7
STUDENT125,1,1,2,4,1,1,1,1,1,3,2,3,2,1,4,3,4,2,2,2,1,1,2,2,3,3,2,1,3,3,9,3
STUDENT67,2,2,2,3,2,2,1,1,1,1,3,2,5,1,2,5,2,2,2,1,1,1,1,1,3,2,2,3,5,4,2,5
STUDENT73,1,2,2,3,2,1,1,1,1,2,1,1,2,1,2,3,2,3,3,1,1,1,1,1,2,2,3,2,3,3,3,6
STUDENT135,1,1,2,4,2,1,2,1,2,3,1,1,2,1,4,3,2,2,2,2,1,1,1,1,2,1,2,1,2,3,9,1
STUDENT94,1,2,2,1,1,2,1,1,1,2,1,2,4,1,2,3,5,2,1,1,1,1,1,1,3,3,3,2,2,2,6,4
STUDENT36,1,2,1,4,2,2,2,3,1,1,1,2,5,1,2,3,2,2,2,1,1,2,1,1,2,1,3,1,1,1,1,1
STUDENT141,2,1,2,3,1,1,2,1,1,2,1,2,2,2,2,4,3,3,2,1,1,1,1,1,2,1,2,1,3,3,9,5
STUDENT124,2,1,3,3,2,2,2,3,1,1,3,2,4,1,1,1,2,2,3,2,1,1,1,1,3,3,2,1,1,1,8,1
STUDENT98,1,2,2,4,1,2,2,1,1,3,3,3,4,1,2,3,2,2,2,1,1,1,1,1,3,2,2,1,3,3,7,6
STUDENT26,2,2,2,3,2,2,1,1,1,2,1,4,3,1,2,4,2,2,2,1,1,1,1,1,2,1,3,2,1,2,1,3
STUDENT84,2,2,3,3,2,2,2,3,1,1,4,4,2,1,1,2,1,2,2,1,1,1,3,1,3,2,3,3,1,2,5,7
STUDENT64,2,2,2,4,2,2,1,2,1,1,1,3,3,1,2,1,1,1,2,1,1,1,3,1,2,2,2,1,3,3,1,5
STUDENT123,1,2,2,5,2,1,2,1,1,1,3,3,2,1,2,1,2,1,2,1,2,1,2,1,3,2,2,1,4,3,8,2
STUDENT7,1,2,2,4,2,2,2,1,1,3,1,3,1,1,2,4,2,2,2,2,1,2,1,1,3,3,3,3,4,4,1,5
STUDENT126,1,1,2,5,1,1,2,1,1,3,1,1,5,1,2,3,3,2,3,2,1,1,1,2,3,2,3,1,1,3,9,2
STUDENT116,2,1,2,5,1,2,1,1,1,1,1,1,2,1,2,2,3,3,2,2,3,1,2,2,3,2,3,2,2,2,8,1
STUDENT20,1,2,1,3,2,2,1,2,2,2,3,3,3,1,2,4,4,2,2,1,2,1,1,1,3,2,2,3,2,3,1,3
STUDENT90,2,2,2,3,2,2,2,1,1,1,3,5,3,1,2,2,2,2,2,1,1,2,1,1,3,1,3,3,3,2,6,6
STUDENT71,1,2,2,4,2,1,1,1,1,1,4,3,1,2,4,2,2,2,2,1,1,1,1,1,2,2,3,1,5,4,3,7
STUDENT144,2,1,2,4,1,1,1,5,2,3,4,4,1,1,3,3,2,2,1,1,1,1,2,1,2,1,2,1,5,3,9,4
STUDENT12,1,1,1,4,1,1,2,4,2,3,5,5,1,1,3,2,3,3,3,1,3,1,3,2,3,1,3,3,4,3,1,0
STUDENT50,1,2,1,4,2,2,2,2,4,1,2,3,2,1,2,4,2,2,2,1,1,1,2,1,2,2,2,1,3,2,1,2
STUDENT33,2,1,2,3,2,2,2,2,1,1,2,2,2,1,2,1,2,2,2,1,1,2,1,1,2,2,2,1,2,3,1,1
STUDENT48,2,2,2,3,2,2,1,1,1,2,4,3,1,1,5,4,2,2,2,1,1,2,1,1,2,1,3,2,5,3,1,3
STUDENT133,1,1,1,5,2,1,2,1,1,2,1,2,3,1,2,1,2,2,3,2,1,1,2,1,3,2,3,1,5,4,9,3
STUDENT56,3,2,2,3,1,2,1,4,1,2,1,1,5,3,2,1,1,2,2,1,1,1,3,3,1,3,3,3,5,4,1,3
STUDENT62,1,2,3,3,2,1,2,2,1,2,1,3,4,1,2,3,3,1,2,1,3,2,1,1,3,2,2,2,4,4,1,5
STUDENT39,2,2,2,5,2,2,2,1,1,1,3,3,1,1,2,4,3,2,2,1,1,1,2,1,2,2,2,2,4,3,1,2
STUDENT100,2,2,2,3,2,2,2,1,4,2,3,4,2,1,2,1,3,2,2,1,1,1,1,1,3,2,3,2,2,2,7,7
STUDENT88,2,2,2,3,2,1,2,2,1,1,3,4,2,1,1,1,2,2,2,1,1,1,2,1,2,2,2,2,1,1,6,6
STUDENT95,2,2,2,3,2,2,1,1,1,1,3,2,5,1,2,5,2,2,3,1,1,1,1,1,3,2,2,3,5,4,6,6
STUDENT114,2,1,3,3,2,2,2,1,4,2,4,4,1,1,3,2,2,2,3,2,3,2,2,1,2,2,1,1,1,2,8,1
STUDENT57,2,2,2,3,2,1,2,1,1,1,1,3,5,1,2,4,4,2,3,1,1,1,1,2,3,2,3,3,5,4,1,5
STUDENT8,1,1,2,3,1,1,1,2,2,3,4,3,1,1,4,3,1,2,2,1,1,1,3,1,3,2,2,1,1,1,1,2
STUDENT18,2,2,2,3,2,2,2,1,1,1,2,2,2,1,2,1,2,2,2,2,1,2,1,1,2,2,2,2,2,2,1,2
STUDENT87,2,2,2,4,2,2,2,1,4,2,3,3,2,1,4,1,2,2,2,1,1,1,1,1,3,2,3,2,5,4,5,5
STUDENT40,2,1,2,3,2,2,1,1,1,2,1,3,1,1,2,4,1,2,1,1,1,1,1,1,2,2,2,3,2,1,1,1
STUDENT69,2,1,2,4,1,2,2,1,1,1,2,3,5,3,2,5,1,2,2,1,1,2,1,1,2,2,3,2,4,3,3,5
STUDENT79,2,1,2,4,1,1,2,1,1,1,1,3,4,1,2,4,2,3,3,1,1,2,1,1,3,3,2,2,2,2,4,4
STUDENT23,2,2,2,3,1,2,1,1,1,1,1,1,4,2,2,4,3,3,3,1,1,1,1,2,3,1,2,3,3,3,1,3
STUDENT137,1,1,2,3,1,1,1,1,2,3,3,3,3,1,3,4,2,2,2,2,1,1,3,1,3,2,2,1,2,2,9,0
STUDENT86,1,2,2,5,2,2,2,2,1,1,1,1,5,1,2,1,1,1,1,1,1,1,1,1,3,2,3,3,4,3,5,4
STUDENT54,2,1,2,3,2,1,2,2,1,1,1,1,5,1,2,1,1,2,2,1,1,2,1,1,2,2,2,2,3,2,1,5
STUDENT14,2,1,2,5,2,2,2,1,1,1,2,2,2,1,2,3,1,2,1,1,1,2,1,1,3,2,3,3,4,2,1,1
STUDENT140,1,1,2,4,1,2,1,2,2,3,3,3,1,1,5,4,1,1,2,2,1,2,2,1,2,3,2,1,1,2,9,0
STUDENT108,1,1,2,4,1,1,2,1,1,3,1,3,5,1,2,4,2,2,2,1,1,1,2,1,2,3,2,1,4,2,7,6
STUDENT81,2,1,2,3,1,2,1,1,2,1,1,1,2,1,2,3,1,1,1,1,3,1,1,1,2,3,1,2,4,2,5,4
STUDENT96,1,2,3,5,1,1,1,1,2,3,3,4,1,1,2,1,2,2,3,1,1,1,1,1,3,2,2,1,4,3,7,5
STUDENT121,2,1,1,3,1,1,1,2,2,3,3,3,2,1,3,4,1,1,1,1,1,2,2,1,3,3,3,2,2,2,8,1
STUDENT31,2,2,2,5,1,1,1,1,1,2,1,1,5,1,2,4,2,2,2,1,1,1,2,1,2,3,3,3,5,4,1,5
STUDENT11,1,1,1,3,2,2,2,3,2,3,3,4,2,1,3,2,1,1,1,1,1,2,1,1,2,2,2,2,1,1,1,2
STUDENT47,2,2,2,3,2,2,1,1,1,1,1,2,3,1,2,5,2,2,2,1,1,1,1,1,2,2,3,1,4,2,1,5
STUDENT97,1,2,2,4,2,1,1,1,2,3,2,2,3,1,4,2,2,3,2,1,1,1,1,1,3,2,3,2,2,3,7,7
STUDENT13,1,1,1,4,2,2,2,1,1,1,3,5,4,2,2,2,3,2,2,1,1,1,1,1,2,2,2,3,4,2,1,0
STUDENT105,1,1,2,3,2,2,2,1,2,2,4,4,1,1,3,2,2,2,2,1,1,1,1,1,2,3,2,2,1,1,7,3
STUDENT32,3,2,2,3,1,2,2,1,1,2,1,2,4,1,2,3,2,2,3,1,1,1,1,1,3,3,2,3,4,3,1,3
STUDENT25,2,2,2,3,2,2,2,2,1,1,3,1,3,1,2,4,1,2,2,1,1,1,1,1,2,1,3,2,4,4,1,2
STUDENT111,2,2,2,3,2,2,2,2,4,2,4,4,2,2,1,5,2,2,2,1,1,2,1,1,2,2,2,1,2,3,8,2
STUDENT55,2,2,2,3,2,2,2,3,4,2,1,4,2,1,4,2,2,1,1,1,1,1,1,2,3,1,3,1,5,3,1,3
STUDENT28,1,2,1,3,1,2,2,1,1,1,1,1,4,1,2,3,3,2,2,1,1,2,1,1,3,1,2,1,2,1,1,1
STUDENT9,2,1,3,3,2,1,1,1,1,3,2,4,2,1,2,4,1,2,2,1,1,1,1,1,3,2,2,2,4,3,1,5
STUDENT127,1,1,1,4,1,1,1,3,2,3,4,6,2,1,4,3,4,2,3,1,1,1,2,1,3,3,3,1,2,2,9,3
STUDENT52,2,1,3,3,1,1,2,1,1,1,1,2,5,1,2,1,1,2,2,1,1,2,1,1,2,3,3,1,3,3,1,4
STUDENT3,2,2,2,3,2,2,2,2,4,2,2,2,2,1,2,1,2,1,2,1,1,1,1,1,2,2,1,1,2,2,1,1
STUDENT38,2,2,2,3,1,1,1,2,2,3,3,3,1,1,2,3,2,2,2,1,1,1,1,1,3,2,3,3,5,4,1,1
STUDENT35,1,2,1,3,2,2,1,2,1,1,3,3,3,1,2,4,2,1,1,1,1,2,1,1,2,2,3,1,4,1,1,2
STUDENT2,2,2,3,3,1,2,2,1,1,1,2,3,2,1,2,1,2,2,2,1,1,1,1,1,3,2,3,2,2,3,1,1
STUDENT6,2,2,2,3,2,2,2,2,1,1,3,3,2,1,2,3,1,1,2,1,1,1,1,1,1,2,1,2,4,4,1,2
STUDENT119,1,2,2,5,2,1,1,1,4,2,1,2,3,1,4,4,1,2,2,1,1,1,3,1,3,3,2,2,3,3,8,1
STUDENT99,1,2,2,4,2,1,2,1,4,2,2,4,2,1,2,5,2,3,2,1,1,1,1,1,3,1,2,1,4,4,7,7
STUDENT42,3,2,2,3,1,2,2,2,1,2,1,4,2,1,2,2,3,2,2,1,1,2,1,1,3,2,2,3,4,3,1,1
STUDENT74,2,2,2,4,2,2,2,1,1,2,1,3,4,1,2,4,3,1,1,2,1,1,1,2,3,2,3,1,5,3,3,6
STUDENT101,1,2,2,4,2,2,2,1,2,3,4,1,2,1,3,3,2,2,2,1,1,1,1,1,2,2,2,1,3,3,7,6
STUDENT10,2,1,2,3,2,2,1,3,4,2,1,2,3,1,2,3,2,2,2,1,1,2,1,1,2,2,2,2,1,2,1,0
STUDENT83,2,2,2,4,1,2,1,2,1,1,3,1,3,1,2,3,2,2,3,1,1,1,1,1,3,3,2,3,4,3,5,7
STUDENT138,1,1,1,5,2,1,2,1,1,1,2,2,2,1,2,1,2,2,2,1,1,1,1,1,3,1,3,1,2,4,9,2
STUDENT85,3,2,3,3,1,2,1,3,1,2,4,2,5,3,2,1,1,2,2,1,1,1,3,3,3,3,3,3,5,4,5,7
STUDENT103,1,2,2,3,2,2,1,1,1,2,3,1,1,2,4,4,2,2,2,2,1,1,1,1,3,1,2,1,3,4,7,7
STUDENT72,1,1,3,4,2,2,2,1,1,3,1,3,5,1,2,4,2,2,1,1,1,1,1,1,2,3,3,3,2,2,3,6
STUDENT80,2,2,2,4,2,2,2,1,1,1,1,3,4,1,2,4,1,2,2,1,3,1,1,1,3,3,3,2,4,4,4,3
STUDENT134,1,1,2,5,2,2,1,1,1,1,1,1,1,1,2,3,3,1,2,2,1,1,1,1,3,3,3,2,5,3,9,3
STUDENT120,2,1,2,4,2,1,2,1,1,2,3,3,2,3,2,5,5,2,2,1,1,1,1,2,2,2,3,1,3,3,8,2
STUDENT117,2,1,2,5,2,2,2,1,1,1,1,1,5,1,2,4,3,3,3,2,1,1,1,1,3,3,3,1,2,3,8,1
STUDENT77,2,2,1,2,2,1,2,2,1,1,5,4,3,1,4,3,2,3,2,1,1,1,3,2,2,1,2,3,2,2,4,4
STUDENT66,1,2,2,3,2,2,1,3,1,1,2,4,3,1,2,4,1,1,2,1,3,2,2,1,2,1,2,1,2,2,1,2
STUDENT107,1,2,2,4,2,1,2,1,1,2,2,2,1,1,2,1,3,2,2,1,1,1,3,2,2,2,2,1,4,4,7,7
STUDENT143,1,1,1,4,2,2,2,1,1,1,3,4,4,1,2,4,2,2,2,1,1,1,1,1,3,3,2,1,4,3,9,1
STUDENT24,3,2,2,2,1,1,2,5,1,1,1,4,3,1,2,1,3,2,3,1,1,2,1,1,3,2,3,3,3,3,1,1
STUDENT118,3,1,1,3,2,1,2,1,1,2,4,4,1,1,1,3,2,2,3,2,1,2,1,1,2,3,2,1,2,3,8,1
STUDENT75,1,2,2,4,2,2,2,1,1,1,2,2,3,1,2,1,2,2,2,2,1,1,2,1,3,2,3,2,3,3,3,7
STUDENT70,2,1,2,4,2,2,1,1,1,1,2,2,2,1,2,3,1,1,2,1,1,1,2,1,3,2,3,1,3,2,3,5
STUDENT21,1,2,2,5,1,2,1,1,4,2,3,3,3,2,2,3,4,2,2,2,1,1,1,2,3,1,2,3,4,4,1,1
STUDENT41,1,2,1,3,2,2,2,2,1,1,2,3,1,1,2,5,1,2,2,1,1,1,1,1,3,1,2,1,2,3,1,1
STUDENT145,1,1,1,5,2,2,2,3,1,1,3,1,5,1,2,4,3,1,1,1,1,1,2,1,3,2,3,1,5,4,9,3
STUDENT136,2,1,2,3,1,1,2,1,4,2,3,3,1,1,2,1,2,3,2,1,3,1,1,1,3,3,2,1,3,2,9,2
STUDENT93,1,2,2,3,2,2,2,1,1,1,3,4,4,1,3,2,3,2,2,1,1,1,1,1,3,2,3,3,2,2,6,7
STUDENT45,2,2,3,3,2,2,1,1,1,1,1,3,2,1,2,5,2,2,2,1,1,1,2,1,3,2,2,1,4,3,1,1
STUDENT51,2,2,2,3,2,2,1,2,2,1,1,1,2,1,2,3,2,2,2,1,1,2,1,1,2,2,2,3,3,3,1,1
STUDENT89,1,2,2,4,2,1,1,1,1,1,4,4,1,1,3,2,2,2,2,1,1,1,1,2,3,1,2,3,5,3,6,6
STUDENT46,1,2,2,3,2,2,1,4,1,1,2,3,5,1,2,4,3,2,2,1,1,1,1,1,2,2,2,1,4,3,1,3
STUDENT1,2,2,3,3,1,2,2,1,1,1,1,2,3,1,2,5,3,2,2,1,1,1,1,1,3,2,1,2,1,1,1,1
STUDENT78,1,2,1,2,2,2,1,2,2,2,6,5,2,1,4,2,2,2,2,2,1,2,3,1,2,2,2,2,1,1,4,7
STUDENT58,2,2,2,3,1,1,2,1,1,1,4,2,3,1,3,3,2,3,2,1,1,1,1,1,3,2,3,1,5,4,1,4
STUDENT110,1,2,1,3,2,1,1,1,2,2,4,4,2,3,2,5,3,2,2,1,1,1,2,2,3,2,3,1,4,4,7,7
STUDENT37,2,2,3,4,1,2,1,3,1,1,1,1,2,2,4,3,1,1,3,1,1,2,2,1,2,1,2,1,4,3,1,2
STUDENT17,1,1,2,5,2,1,2,1,1,1,2,2,4,1,2,3,2,2,2,1,1,2,1,1,3,2,3,3,4,3,1,1
STUDENT115,2,1,2,5,1,1,2,4,1,1,1,1,1,1,2,1,2,2,2,2,2,1,1,1,2,2,1,2,1,1,8,2
STUDENT22,1,2,2,5,2,2,1,1,4,2,2,2,4,1,2,3,3,2,2,1,1,1,1,1,3,1,3,3,3,3,1,1
STUDENT16,2,2,2,3,2,2,2,1,1,2,4,4,2,1,3,1,2,2,2,2,3,2,1,1,3,2,2,3,2,2,1,2
STUDENT112,1,1,1,5,2,1,2,1,1,2,3,3,1,1,3,2,1,2,2,2,2,1,1,1,3,1,3,3,4,3,8,2
STUDENT128,1,1,2,4,2,2,2,1,4,3,3,2,2,1,3,4,2,1,1,2,1,1,1,1,3,2,2,1,2,2,9,1
STUDENT139,1,1,2,4,1,1,1,5,2,3,3,1,1,2,4,5,2,2,3,2,3,1,2,1,3,2,3,1,1,3,9,0
STUDENT82,3,2,2,3,1,2,2,1,1,2,1,2,4,1,2,3,2,2,2,1,1,1,1,1,3,3,2,3,5,4,5,3
STUDENT63,2,2,2,3,2,2,2,1,4,2,2,3,2,1,2,4,3,2,2,1,1,1,1,1,2,3,3,2,5,4,1,3
STUDENT5,2,2,1,3,2,2,1,3,1,4,3,3,2,1,2,4,2,1,1,1,1,1,2,1,2,2,2,1,2,2,1,1
STUDENT102,1,2,2,4,2,2,1,2,1,3,2,3,1,1,2,4,2,2,2,1,1,1,1,1,3,3,2,1,2,3,7,7
STUDENT125,1,1,2,4,1,1,1,1,1,3,2,3,2,1,4,3,4,2,2,2,1,1,2,2,3,3,2,1,3,3,9,3
STUDENT67,2,2,2,3,2,2,1,1,1,1,3,2,5,1,2,5,2,2,2,1,1,1,1,1,3,2,2,3,5,4,2,5
STUDENT73,1,2,2,3,2,1,1,1,1,2,1,1,2,1,2,3,2,3,3,1,1,1,1,1,2,2,3,2,3,3,3,6
STUDENT135,1,1,2,4,2,1,2,1,2,3,1,1,2,1,4,3,2,2,2,2,1,1,1,1,2,1,2,1,2,3,9,1
STUDENT94,1,2,2,1,1,2,1,1,1,2,1,2,4,1,2,3,5,2,1,1,1,1,1,1,3,3,3,2,2,2,6,4
STUDENT36,1,2,1,4,2,2,2,3,1,1,1,2,5,1,2,3,2,2,2,1,1,2,1,1,2,1,3,1,1,1,1,1
STUDENT141,2,1,2,3,1,1,2,1,1,2,1,2,2,2,2,4,3,3,2,1,1,1,1,1,2,1,2,1,3,3,9,5
STUDENT124,2,1,3,3,2,2,2,3,1,1,3,2,4,1,1,1,2,2,3,2,1,1,1,1,3,3,2,1,1,1,8,1
STUDENT98,1,2,2,4,1,2,2,1,1,3,3,3,4,1,2,3,2,2,2,1,1,1,1,1,3,2,2,1,3,3,7,6
STUDENT26,2,2,2,3,2,2,1,1,1,2,1,4,3,1,2,4,2,2,2,1,1,1,1,1,2,1,3,2,1,2,1,3
STUDENT84,2,2,3,3,2,2,2,3,1,1,4,4,2,1,1,2,1,2,2,1,1,1,3,1,3,2,3,3,1,2,5,7
STUDENT64,2,2,2,4,2,2,1,2,1,1,1,3,3,1,2,1,1,1,2,1,1,1,3,1,2,2,2,1,3,3,1,5
STUDENT123,1,2,2,5,2,1,2,1,1,1,3,3,2,1,2,1,2,1,2,1,2,1,2,1,3,2,2,1,4,3,8,2
STUDENT7,1,2,2,4,2,2,2,1,1,3,1,3,1,1,2,4,2,2,2,2,1,2,1,1,3,3,3,3,4,4,1,5
STUDENT126,1,1,2,5,1,1,2,1,1,3,1,1,5,1,2,3,3,2,3,2,1,1,1,2,3,2,3,1,1,3,9,2
STUDENT116,2,1,2,5,1,2,1,1,1,1,1,1,2,1,2,2,3,3,2,2,3,1,2,2,3,2,3,2,2,2,8,1
STUDENT20,1,2,1,3,2,2,1,2,2,2,3,3,3,1,2,4,4,2,2,1,2,1,1,1,3,2,2,3,2,3,1,3
STUDENT90,2,2,2,3,2,2,2,1,1,1,3,5,3,1,2,2,2,2,2,1,1,2,1,1,3,1,3,3,3,2,6,6
STUDENT71,1,2,2,4,2,1,1,1,1,1,4,3,1,2,4,2,2,2,2,1,1,1,1,1,2,2,3,1,5,4,3,7
STUDENT144,2,1,2,4,1,1,1,5,2,3,4,4,1,1,3,3,2,2,1,1,1,1,2,1,2,1,2,1,5,3,9,4
STUDENT12,1,1,1,4,1,1,2,4,2,3,5,5,1,1,3,2,3,3,3,1,3,1,3,2,3,1,3,3,4,3,1,0
STUDENT50,1,2,1,4,2,2,2,2,4,1,2,3,2,1,2,4,2,2,2,1,1,1,2,1,2,2,2,1,3,2,1,2
STUDENT33,2,1,2,3,2,2,2,2,1,1,2,2,2,1,2,1,2,2,2,1,1,2,1,1,2,2,2,1,2,3,1,1
STUDENT48,2,2,2,3,2,2,1,1,1,2,4,3,1,1,5,4,2,2,2,1,1,2,1,1,2,1,3,2,5,3,1,3
STUDENT133,1,1,1,5,2,1,2,1,1,2,1,2,3,1,2,1,2,2,3,2,1,1,2,1,3,2,3,1,5,4,9,3
STUDENT56,3,2,2,3,1,2,1,4,1,2,1,1,5,3,2,1,1,2,2,1,1,1,3,3,1,3,3,3,5,4,1,3
STUDENT62,1,2,3,3,2,1,2,2,1,2,1,3,4,1,2,3,3,1,2,1,3,2,1,1,3,2,2,2,4,4,1,5
STUDENT39,2,2,2,5,2,2,2,1,1,1,3,3,1,1,2,4,3,2,2,1,1,1,2,1,2,2,2,2,4,3,1,2
STUDENT100,2,2,2,3,2,2,2,1,4,2,3,4,2,1,2,1,3,2,2,1,1,1,1,1,3,2,3,2,2,2,7,7
STUDENT88,2,2,2,3,2,1,2,2,1,1,3,4,2,1,1,1,2,2,2,1,1,1,2,1,2,2,2,2,1,1,6,6
STUDENT95,2,2,2,3,2,2,1,1,1,1,3,2,5,1,2,5,2,2,3,1,1,1,1,1,3,2,2,3,5,4,6,6
STUDENT114,2,1,3,3,2,2,2,1,4,2,4,4,1,1,3,2,2,2,3,2,3,2,2,1,2,2,1,1,1,2,8,1
STUDENT57,2,2,2,3,2,1,2,1,1,1,1,3,5,1,2,4,4,2,3,1,1,1,1,2,3,2,3,3,5,4,1,5
STUDENT8,1,1,2,3,1,1,1,2,2,3,4,3,1,1,4,3,1,2,2,1,1,1,3,1,3,2,2,1,1,1,1,2
STUDENT18,2,2,2,3,2,2,2,1,1,1,2,2,2,1,2,1,2,2,2,2,1,2,1,1,2,2,2,2,2,2,1,2
STUDENT87,2,2,2,4,2,2,2,1,4,2,3,3,2,1,4,1,2,2,2,1,1,1,1,1,3,2,3,2,5,4,5,5
STUDENT40,2,1,2,3,2,2,1,1,1,2,1,3,1,1,2,4,1,2,1,1,1,1,1,1,2,2,2,3,2,1,1,1
STUDENT69,2,1,2,4,1,2,2,1,1,1,2,3,5,3,2,5,1,2,2,1,1,2,1,1,2,2,3,2,4,3,3,5
STUDENT79,2,1,2,4,1,1,2,1,1,1,1,3,4,1,2,4,2,3,3,1,1,2,1,1,3,3,2,2,2,2,4,4
STUDENT23,2,2,2,3,1,2,1,1,1,1,1,1,4,2,2,4,3,3,3,1,1,1,1,2,3,1,2,3,3,3,1,3
STUDENT137,1,1,2,3,1,1,1,1,2,3,3,3,3,1,3,4,2,2,2,2,1,1,3,1,3,2,2,1,2,2,9,0
STUDENT86,1,2,2,5,2,2,2,2,1,1,1,1,5,1,2,1,1,1,1,1,1,1,1,1,3,2,3,3,4,3,5,4
STUDENT54,2,1,2,3,2,1,2,2,1,1,1,1,5,1,2,1,1,2,2,1,1,2,1,1,2,2,2,2,3,2,1,5
STUDENT14,2,1,2,5,2,2,2,1,1,1,2,2,2,1,2,3,1,2,1,1,1,2,1,1,3,2,3,3,4,2,1,1
STUDENT140,1,1,2,4,1,2,1,2,2,3,3,3,1,1,5,4,1,1,2,2,1,2,2,1,2,3,2,1,1,2,9,0
STUDENT108,1,1,2,4,1,1,2,1,1,3,1,3,5,1,2,4,2,2,2,1,1,1,2,1,2,3,2,1,4,2,7,6
STUDENT81,2,1,2,3,1,2,1,1,2,1,1,1,2,1,2,3,1,1,1,1,3,1,1,1,2,3,1,2,4,2,5,4
STUDENT96,1,2,3,5,1,1,1,1,2,3,3,4,1,1,2,1,2,2,3,1,1,1,1,1,3,2,2,1,4,3,7,5
STUDENT121,2,1,1,3,1,1,1,2,2,3,3,3,2,1,3,4,1,1,1,1,1,2,2,1,3,3,3,2,2,2,8,1
STUDENT31,2,2,2,5,1,1,1,1,1,2,1,1,5,1,2,4,2,2,2,1,1,1,2,1,2,3,3,3,5,4,1,5
STUDENT11,1,1,1,3,2,2,2,3,2,3,3,4,2,1,3,2,1,1,1,1,1,2,1,1,2,2,2,2,1,1,1,2
STUDENT47,2,2,2,3,2,2,1,1,1,1,1,2,3,1,2,5,2,2,2,1,1,1,1,1,2,2,3,1,4,2,1,5
STUDENT97,1,2,2,4,2,1,1,1,2,3,2,2,3,1,4,2,2,3,2,1,1,1,1,1,3,2,3,2,2,3,7,7
STUDENT13,1,1,1,4,2,2,2,1,1,1,3,5,4,2,2,2,3,2,2,1,1,1,1,1,2,2,2,3,4,2,1,0
STUDENT105,1,1,2,3,2,2,2,1,2,2,4,4,1,1,3,2,2,2,2,1,1,1,1,1,2,3,2,2,1,1,7,3
STUDENT32,3,2,2,3,1,2,2,1,1,2,1,2,4,1,2,3,2,2,3,1,1,1,1,1,3,3,2,3,4,3,1,3
STUDENT25,2,2,2,3,2,2,2,2,1,1,3,1,3,1,2,4,1,2,2,1,1,1,1,1,2,1,3,2,4,4,1,2
STUDENT111,2,2,2,3,2,2,2,2,4,2,4,4,2,2,1,5,2,2,2,1,1,2,1,1,2,2,2,1,2,3,8,2
STUDENT55,2,2,2,3,2,2,2,3,4,2,1,4,2,1,4,2,2,1,1,1,1,1,1,2,3,1,3,1,5,3,1,3
STUDENT28,1,2,1,3,1,2,2,1,1,1,1,1,4,1,2,3,3,2,2,1,1,2,1,1,3,1,2,1,2,1,1,1
STUDENT9,2,1,3,3,2,1,1,1,1,3,2,4,2,1,2,4,1,2,2,1,1,1,1,1,3,2,2,2,4,3,1,5
STUDENT127,1,1,1,4,1,1,1,3,2,3,4,6,2,1,4,3,4,2,3,1,1,1,2,1,3,3,3,1,2,2,9,3
STUDENT52,2,1,3,3,1,1,2,1,1,1,1,2,5,1,2,1,1,2,2,1,1,2,1,1,2,3,3,1,3,3,1,4
STUDENT3,2,2,2,3,2,2,2,2,4,2,2,2,2,1,2,1,2,1,2,1,1,1,1,1,2,2,1,1,2,2,1,1
STUDENT38,2,2,2,3,1,1,1,2,2,3,3,3,1,1,2,3,2,2,2,1,1,1,1,1,3,2,3,3,5,4,1,1
STUDENT35,1,2,1,3,2,2,1,2,1,1,3,3,3,1,2,4,2,1,1,1,1,2,1,1,2,2,3,1,4,1,1,2
STUDENT2,2,2,3,3,1,2,2,1,1,1,2,3,2,1,2,1,2,2,2,1,1,1,1,1,3,2,3,2,2,3,1,1
STUDENT6,2,2,2,3,2,2,2,2,1,1,3,3,2,1,2,3,1,1,2,1,1,1,1,1,1,2,1,2,4,4,1,2
STUDENT119,1,2,2,5,2,1,1,1,4,2,1,2,3,1,4,4,1,2,2,1,1,1,3,1,3,3,2,2,3,3,8,1
STUDENT99,1,2,2,4,2,1,2,1,4,2,2,4,2,1,2,5,2,3,2,1,1,1,1,1,3,1,2,1,4,4,7,7
STUDENT42,3,2,2,3,1,2,2,2,1,2,1,4,2,1,2,2,3,2,2,1,1,2,1,1,3,2,2,3,4,3,1,1
STUDENT74,2,2,2,4,2,2,2,1,1,2,1,3,4,1,2,4,3,1,1,2,1,1,1,2,3,2,3,1,5,3,3,6
STUDENT101,1,2,2,4,2,2,2,1,2,3,4,1,2,1,3,3,2,2,2,1,1,1,1,1,2,2,2,1,3,3,7,6
STUDENT10,2,1,2,3,2,2,1,3,4,2,1,2,3,1,2,3,2,2,2,1,1,2,1,1,2,2,2,2,1,2,1,0
STUDENT83,2,2,2,4,1,2,1,2,1,1,3,1,3,1,2,3,2,2,3,1,1,1,1,1,3,3,2,3,4,3,5,7
STUDENT138,1,1,1,5,2,1,2,1,1,1,2,2,2,1,2,1,2,2,2,1,1,1,1,1,3,1,3,1,2,4,9,2
STUDENT85,3,2,3,3,1,2,1,3,1,2,4,2,5,3,2,1,1,2,2,1,1,1,3,3,3,3,3,3,5,4,5,7
STUDENT103,1,2,2,3,2,2,1,1,1,2,3,1,1,2,4,4,2,2,2,2,1,1,1,1,3,1,2,1,3,4,7,7
STUDENT72,1,1,3,4,2,2,2,1,1,3,1,3,5,1,2,4,2,2,1,1,1,1,1,1,2,3,3,3,2,2,3,6
STUDENT80,2,2,2,4,2,2,2,1,1,1,1,3,4,1,2,4,1,2,2,1,3,1,1,1,3,3,3,2,4,4,4,3
STUDENT134,1,1,2,5,2,2,1,1,1,1,1,1,1,1,2,3,3,1,2,2,1,1,1,1,3,3,3,2,5,3,9,3
STUDENT120,2,1,2,4,2,1,2,1,1,2,3,3,2,3,2,5,5,2,2,1,1,1,1,2,2,2,3,1,3,3,8,2
STUDENT117,2,1,2,5,2,2,2,1,1,1,1,1,5,1,2,4,3,3,3,2,1,1,1,1,3,3,3,1,2,3,8,1
STUDENT77,2,2,1,2,2,1,2,2,1,1,5,4,3,1,4,3,2,3,2,1,1,1,3,2,2,1,2,3,2,2,4,4
STUDENT66,1,2,2,3,2,2,1,3,1,1,2,4,3,1,2,4,1,1,2,1,3,2,2,1,2,1,2,1,2,2,1,2
STUDENT107,1,2,2,4,2,1,2,1,1,2,2,2,1,1,2,1,3,2,2,1,1,1,3,2,2,2,2,1,4,4,7,7
STUDENT143,1,1,1,4,2,2,2,1,1,1,3,4,4,1,2,4,2,2,2,1,1,1,1,1,3,3,2,1,4,3,9,1
STUDENT24,3,2,2,2,1,1,2,5,1,1,1,4,3,1,2,1,3,2,3,1,1,2,1,1,3,2,3,3,3,3,1,1
STUDENT118,3,1,1,3,2,1,2,1,1,2,4,4,1,1,1,3,2,2,3,2,1,2,1,1,2,3,2,1,2,3,8,1
STUDENT75,1,2,2,4,2,2,2,1,1,1,2,2,3,1,2,1,2,2,2,2,1,1,2,1,3,2,3,2,3,3,3,7
STUDENT70,2,1,2,4,2,2,1,1,1,1,2,2,2,1,2,3,1,1,2,1,1,1,2,1,3,2,3,1,3,2,3,5
STUDENT21,1,2,2,5,1,2,1,1,4,2,3,3,3,2,2,3,4,2,2,2,1,1,1,2,3,1,2,3,4,4,1,1
STUDENT41,1,2,1,3,2,2,2,2,1,1,2,3,1,1,2,5,1,2,2,1,1,1,1,1,3,1,2,1,2,3,1,1
STUDENT145,1,1,1,5,2,2,2,3,1,1,3,1,5,1,2,4,3,1,1,1,1,1,2,1,3,2,3,1,5,4,9,3
STUDENT136,2,1,2,3,1,1,2,1,4,2,3,3,1,1,2,1,2,3,2,1,3,1,1,1,3,3,2,1,3,2,9,2
STUDENT93,1,2,2,3,2,2,2,1,1,1,3,4,4,1,3,2,3,2,2,1,1,1,1,1,3,2,3,3,2,2,6,7
STUDENT45,2,2,3,3,2,2,1,1,1,1,1,3,2,1,2,5,2,2,2,1,1,1,2,1,3,2,2,1,4,3,1,1
STUDENT51,2,2,2,3,2,2,1,2,2,1,1,1,2,1,2,3,2,2,2,1,1,2,1,1,2,2,2,3,3,3,1,1
STUDENT89,1,2,2,4,2,1,1,1,1,1,4,4,1,1,3,2,2,2,2,1,1,1,1,2,3,1,2,3,5,3,6,6
STUDENT46,1,2,2,3,2,2,1,4,1,1,2,3,5,1,2,4,3,2,2,1,1,1,1,1,2,2,2,1,4,3,1,3
STUDENT1,2,2,3,3,1,2,2,1,1,1,1,2,3,1,2,5,3,2,2,1,1,1,1,1,3,2,1,2,1,1,1,1
STUDENT78,1,2,1,2,2,2,1,2,2,2,6,5,2,1,4,2,2,2,2,2,1,2,3,1,2,2,2,2,1,1,4,7
STUDENT58,2,2,2,3,1,1,2,1,1,1,4,2,3,1,3,3,2,3,2,1,1,1,1,1,3,2,3,1,5,4,1,4
STUDENT110,1,2,1,3,2,1,1,1,2,2,4,4,2,3,2,5,3,2,2,1,1,1,2,2,3,2,3,1,4,4,7,7
STUDENT37,2,2,3,4,1,2,1,3,1,1,1,1,2,2,4,3,1,1,3,1,1,2,2,1,2,1,2,1,4,3,1,2
STUDENT17,1,1,2,5,2,1,2,1,1,1,2,2,4,1,2,3,2,2,2,1,1,2,1,1,3,2,3,3,4,3,1,1
STUDENT115,2,1,2,5,1,1,2,4,1,1,1,1,1,1,2,1,2,2,2,2,2,1,1,1,2,2,1,2,1,1,8,2
STUDENT22,1,2,2,5,2,2,1,1,4,2,2,2,4,1,2,3,3,2,2,1,1,1,1,1,3,1,3,3,3,3,1,1
STUDENT16,2,2,2,3,2,2,2,1,1,2,4,4,2,1,3,1,2,2,2,2,3,2,1,1,3,2,2,3,2,2,1,2
STUDENT112,1,1,1,5,2,1,2,1,1,2,3,3,1,1,3,2,1,2,2,2,2,1,1,1,3,1,3,3,4,3,8,2
STUDENT128,1,1,2,4,2,2,2,1,4,3,3,2,2,1,3,4,2,1,1,2,1,1,1,1,3,2,2,1,2,2,9,1
STUDENT139,1,1,2,4,1,1,1,5,2,3,3,1,1,2,4,5,2,2,3,2,3,1,2,1,3,2,3,1,1,3,9,0
STUDENT82,3,2,2,3,1,2,2,1,1,2,1,2,4,1,2,3,2,2,2,1,1,1,1,1,3,3,2,3,5,4,5,3
STUDENT63,2,2,2,3,2,2,2,1,4,2,2,3,2,1,2,4,3,2,2,1,1,1,1,1,2,3,3,2,5,4,1,3
STUDENT5,2,2,1,3,2,2,1,3,1,4,3,3,2,1,2,4,2,1,1,1,1,1,2,1,2,2,2,1,2,2,1,1
STUDENT102,1,2,2,4,2,2,1,2,1,3,2,3,1,1,2,4,2,2,2,1,1,1,1,1,3,3,2,1,2,3,7,7
STUDENT125,1,1,2,4,1,1,1,1,1,3,2,3,2,1,4,3,4,2,2,2,1,1,2,2,3,3,2,1,3,3,9,3
STUDENT67,2,2,2,3,2,2,1,1,1,1,3,2,5,1,2,5,2,2,2,1,1,1,1,1,3,2,2,3,5,4,2,5
STUDENT73,1,2,2,3,2,1,1,1,1,2,1,1,2,1,2,3,2,3,3,1,1,1,1,1,2,2,3,2,3,3,3,6
STUDENT135,1,1,2,4,2,1,2,1,2,3,1,1,2,1,4,3,2,2,2,2,1,1,1,1,2,1,2,1,2,3,9,1
STUDENT94,1,2,2,1,1,2,1,1,1,2,1,2,4,1,2,3,5,2,1,1,1,1,1,1,3,3,3,2,2,2,6,4
STUDENT36,1,2,1,4,2,2,2,3,1,1,1,2,5,1,2,3,2,2,2,1,1,2,1,1,2,1,3,1,1,1,1,1
STUDENT141,2,1,2,3,1,1,2,1,1,2,1,2,2,2,2,4,3,3,2,1,1,1,1,1,2,1,2,1,3,3,9,5
STUDENT124,2,1,3,3,2,2,2,3,1,1,3,2,4,1,1,1,2,2,3,2,1,1,1,1,3,3,2,1,1,1,8,1
STUDENT98,1,2,2,4,1,2,2,1,1,3,3,3,4,1,2,3,2,2,2,1,1,1,1,1,3,2,2,1,3,3,7,6
STUDENT26,2,2,2,3,2,2,1,1,1,2,1,4,3,1,2,4,2,2,2,1,1,1,1,1,2,1,3,2,1,2,1,3
STUDENT84,2,2,3,3,2,2,2,3,1,1,4,4,2,1,1,2,1,2,2,1,1,1,3,1,3,2,3,3,1,2,5,7
STUDENT64,2,2,2,4,2,2,1,2,1,1,1,3,3,1,2,1,1,1,2,1,1,1,3,1,2,2,2,1,3,3,1,5
STUDENT123,1,2,2,5,2,1,2,1,1,1,3,3,2,1,2,1,2,1,2,1,2,1,2,1,3,2,2,1,4,3,8,2
STUDENT7,1,2,2,4,2,2,2,1,1,3,1,3,1,1,2,4,2,2,2,2,1,2,1,1,3,3,3,3,4,4,1,5
STUDENT126,1,1,2,5,1,1,2,1,1,3,1,1,5,1,2,3,3,2,3,2,1,1,1,2,3,2,3,1,1,3,9,2
STUDENT116,2,1,2,5,1,2,1,1,1,1,1,1,2,1,2,2,3,3,2,2,3,1,2,2,3,2,3,2,2,2,8,1
STUDENT20,1,2,1,3,2,2,1,2,2,2,3,3,3,1,2,4,4,2,2,1,2,1,1,1,3,2,2,3,2,3,1,3
STUDENT90,2,2,2,3,2,2,2,1,1,1,3,5,3,1,2,2,2,2,2,1,1,2,1,1,3,1,3,3,3,2,6,6
STUDENT71,1,2,2,4,2,1,1,1,1,1,4,3,1,2,4,2,2,2,2,1,1,1,1,1,2,2,3,1,5,4,3,7
STUDENT144,2,1,2,4,1,1,1,5,2,3,4,4,1,1,3,3,2,2,1,1,1,1,2,1,2,1,2,1,5,3,9,4
STUDENT12,1,1,1,4,1,1,2,4,2,3,5,5,1,1,3,2,3,3,3,1,3,1,3,2,3,1,3,3,4,3,1,0
STUDENT50,1,2,1,4,2,2,2,2,4,1,2,3,2,1,2,4,2,2,2,1,1,1,2,1,2,2,2,1,3,2,1,2
STUDENT33,2,1,2,3,2,2,2,2,1,1,2,2,2,1,2,1,2,2,2,1,1,2,1,1,2,2,2,1,2,3,1,1
STUDENT48,2,2,2,3,2,2,1,1,1,2,4,3,1,1,5,4,2,2,2,1,1,2,1,1,2,1,3,2,5,3,1,3
STUDENT133,1,1,1,5,2,1,2,1,1,2,1,2,3,1,2,1,2,2,3,2,1,1,2,1,3,2,3,1,5,4,9,3
STUDENT56,3,2,2,3,1,2,1,4,1,2,1,1,5,3,2,1,1,2,2,1,1,1,3,3,1,3,3,3,5,4,1,3
STUDENT62,1,2,3,3,2,1,2,2,1,2,1,3,4,1,2,3,3,1,2,1,3,2,1,1,3,2,2,2,4,4,1,5
STUDENT39,2,2,2,5,2,2,2,1,1,1,3,3,1,1,2,4,3,2,2,1,1,1,2,1,2,2,2,2,4,3,1,2
STUDENT100,2,2,2,3,2,2,2,1,4,2,3,4,2,1,2,1,3,2,2,1,1,1,1,1,3,2,3,2,2,2,7,7
STUDENT88,2,2,2,3,2,1,2,2,1,1,3,4,2,1,1,1,2,2,2,1,1,1,2,1,2,2,2,2,1,1,6,6
STUDENT95,2,2,2,3,2,2,1,1,1,1,3,2,5,1,2,5,2,2,3,1,1,1,1,1,3,2,2,3,5,4,6,6
STUDENT114,2,1,3,3,2,2,2,1,4,2,4,4,1,1,3,2,2,2,3,2,3,2,2,1,2,2,1,1,1,2,8,1
STUDENT57,2,2,2,3,2,1,2,1,1,1,1,3,5,1,2,4,4,2,3,1,1,1,1,2,3,2,3,3,5,4,1,5
STUDENT8,1,1,2,3,1,1,1,2,2,3,4,3,1,1,4,3,1,2,2,1,1,1,3,1,3,2,2,1,1,1,1,2
STUDENT18,2,2,2,3,2,2,2,1,1,1,2,2,2,1,2,1,2,2,2,2,1,2,1,1,2,2,2,2,2,2,1,2
STUDENT87,2,2,2,4,2,2,2,1,4,2,3,3,2,1,4,1,2,2,2,1,1,1,1,1,3,2,3,2,5,4,5,5
STUDENT40,2,1,2,3,2,2,1,1,1,2,1,3,1,1,2,4,1,2,1,1,1,1,1,1,2,2,2,3,2,1,1,1
STUDENT69,2,1,2,4,1,2,2,1,1,1,2,3,5,3,2,5,1,2,2,1,1,2,1,1,2,2,3,2,4,3,3,5
STUDENT79,2,1,2,4,1,1,2,1,1,1,1,3,4,1,2,4,2,3,3,1,1,2,1,1,3,3,2,2,2,2,4,4
STUDENT23,2,2,2,3,1,2,1,1,1,1,1,1,4,2,2,4,3,3,3,1,1,1,1,2,3,1,2,3,3,3,1,3
STUDENT137,1,1,2,3,1,1,1,1,2,3,3,3,3,1,3,4,2,2,2,2,1,1,3,1,3,2,2,1,2,2,9,0
STUDENT86,1,2,2,5,2,2,2,2,1,1,1,1,5,1,2,1,1,1,1,1,1,1,1,1,3,2,3,3,4,3,5,4
STUDENT54,2,1,2,3,2,1,2,2,1,1,1,1,5,1,2,1,1,2,2,1,1,2,1,1,2,2,2,2,3,2,1,5
STUDENT14,2,1,2,5,2,2,2,1,1,1,2,2,2,1,2,3,1,2,1,1,1,2,1,1,3,2,3,3,4,2,1,1
STUDENT140,1,1,2,4,1,2,1,2,2,3,3,3,1,1,5,4,1,1,2,2,1,2,2,1,2,3,2,1,1,2,9,0
STUDENT108,1,1,2,4,1,1,2,1,1,3,1,3,5,1,2,4,2,2,2,1,1,1,2,1,2,3,2,1,4,2,7,6
STUDENT81,2,1,2,3,1,2,1,1,2,1,1,1,2,1,2,3,1,1,1,1,3,1,1,1,2,3,1,2,4,2,5,4
STUDENT96,1,2,3,5,1,1,1,1,2,3,3,4,1,1,2,1,2,2,3,1,1,1,1,1,3,2,2,1,4,3,7,5
STUDENT121,2,1,1,3,1,1,1,2,2,3,3,3,2,1,3,4,1,1,1,1,1,2,2,1,3,3,3,2,2,2,8,1
STUDENT31,2,2,2,5,1,1,1,1,1,2,1,1,5,1,2,4,2,2,2,1,1,1,2,1,2,3,3,3,5,4,1,5
STUDENT11,1,1,1,3,2,2,2,3,2,3,3,4,2,1,3,2,1,1,1,1,1,2,1,1,2,2,2,2,1,1,1,2
STUDENT47,2,2,2,3,2,2,1,1,1,1,1,2,3,1,2,5,2,2,2,1,1,1,1,1,2,2,3,1,4,2,1,5
STUDENT97,1,2,2,4,2,1,1,1,2,3,2,2,3,1,4,2,2,3,2,1,1,1,1,1,3,2,3,2,2,3,7,7
STUDENT13,1,1,1,4,2,2,2,1,1,1,3,5,4,2,2,2,3,2,2,1,1,1,1,1,2,2,2,3,4,2,1,0
STUDENT105,1,1,2,3,2,2,2,1,2,2,4,4,1,1,3,2,2,2,2,1,1,1,1,1,2,3,2,2,1,1,7,3
STUDENT32,3,2,2,3,1,2,2,1,1,2,1,2,4,1,2,3,2,2,3,1,1,1,1,1,3,3,2,3,4,3,1,3
STUDENT25,2,2,2,3,2,2,2,2,1,1,3,1,3,1,2,4,1,2,2,1,1,1,1,1,2,1,3,2,4,4,1,2
STUDENT111,2,2,2,3,2,2,2,2,4,2,4,4,2,2,1,5,2,2,2,1,1,2,1,1,2,2,2,1,2,3,8,2
STUDENT55,2,2,2,3,2,2,2,3,4,2,1,4,2,1,4,2,2,1,1,1,1,1,1,2,3,1,3,1,5,3,1,3
STUDENT28,1,2,1,3,1,2,2,1,1,1,1,1,4,1,2,3,3,2,2,1,1,2,1,1,3,1,2,1,2,1,1,1
STUDENT9,2,1,3,3,2,1,1,1,1,3,2,4,2,1,2,4,1,2,2,1,1,1,1,1,3,2,2,2,4,3,1,5
STUDENT127,1,1,1,4,1,1,1,3,2,3,4,6,2,1,4,3,4,2,3,1,1,1,2,1,3,3,3,1,2,2,9,3
STUDENT52,2,1,3,3,1,1,2,1,1,1,1,2,5,1,2,1,1,2,2,1,1,2,1,1,2,3,3,1,3,3,1,4
STUDENT3,2,2,2,3,2,2,2,2,4,2,2,2,2,1,2,1,2,1,2,1,1,1,1,1,2,2,1,1,2,2,1,1
STUDENT38,2,2,2,3,1,1,1,2,2,3,3,3,1,1,2,3,2,2,2,1,1,1,1,1,3,2,3,3,5,4,1,1
STUDENT35,1,2,1,3,2,2,1,2,1,1,3,3,3,1,2,4,2,1,1,1,1,2,1,1,2,2,3,1,4,1,1,2
STUDENT2,2,2,3,3,1,2,2,1,1,1,2,3,2,1,2,1,2,2,2,1,1,1,1,1,3,2,3,2,2,3,1,1
STUDENT6,2,2,2,3,2,2,2,2,1,1,3,3,2,1,2,3,1,1,2,1,1,1,1,1,1,2,1,2,4,4,1,2
STUDENT119,1,2,2,5,2,1,1,1,4,2,1,2,3,1,4,4,1,2,2,1,1,1,3,1,3,3,2,2,3,3,8,1
STUDENT99,1,2,2,4,2,1,2,1,4,2,2,4,2,1,2,5,2,3,2,1,1,1,1,1,3,1,2,1,4,4,7,7
STUDENT42,3,2,2,3,1,2,2,2,1,2,1,4,2,1,2,2,3,2,2,1,1,2,1,1,3,2,2,3,4,3,1,1
STUDENT74,2,2,2,4,2,2,2,1,1,2,1,3,4,1,2,4,3,1,1,2,1,1,1,2,3,2,3,1,5,3,3,6
STUDENT101,1,2,2,4,2,2,2,1,2,3,4,1,2,1,3,3,2,2,2,1,1,1,1,1,2,2,2,1,3,3,7,6
STUDENT10,2,1,2,3,2,2,1,3,4,2,1,2,3,1,2,3,2,2,2,1,1,2,1,1,2,2,2,2,1,2,1,0
STUDENT83,2,2,2,4,1,2,1,2,1,1,3,1,3,1,2,3,2,2,3,1,1,1,1,1,3,3,2,3,4,3,5,7
STUDENT138,1,1,1,5,2,1,2,1,1,1,2,2,2,1,2,1,2,2,2,1,1,1,1,1,3,1,3,1,2,4,9,2
STUDENT85,3,2,3,3,1,2,1,3,1,2,4,2,5,3,2,1,1,2,2,1,1,1,3,3,3,3,3,3,5,4,5,7
STUDENT103,1,2,2,3,2,2,1,1,1,2,3,1,1,2,4,4,2,2,2,2,1,1,1,1,3,1,2,1,3,4,7,7
STUDENT72,1,1,3,4,2,2,2,1,1,3,1,3,5,1,2,4,2,2,1,1,1,1,1,1,2,3,3,3,2,2,3,6
STUDENT80,2,2,2,4,2,2,2,1,1,1,1,3,4,1,2,4,1,2,2,1,3,1,1,1,3,3,3,2,4,4,4,3
